resource1,resource2,resource3,duration,label
1,1,6,4,task1
3,4,4,3,task2
9,8,3,3,task3
3,6,1,2,task4
6,1,2,2,task5
7,6,2,3,task6
9,6,10,1,task7
2,1,8,1,task8
10,6,1,3,task9
9,8,6,1,task10
1,2,3,5,task11
2,10,9,4,task12
7,2,10,1,task13
2,2,8,5,task14
3,2,6,2,task15
10,1,4,2,task16
1,8,4,4,task17
2,10,10,2,task18
7,5,10,5,task19
8,5,6,2,task20
7,10,8,2,task21
9,6,9,5,task22
9,6,7,2,task23
8,8,2,3,task24
7,3,5,4,task25
10,10,5,2,task26
8,5,8,5,task27
6,10,1,4,task28
1,9,5,4,task29
8,1,8,2,task30
9,7,7,4,task31
7,5,9,1,task32
4,10,2,5,task33
8,10,3,3,task34
10,4,2,1,task35
8,8,1,2,task36
10,6,3,4,task37
2,10,10,4,task38
9,8,7,2,task39
6,8,3,3,task40
7,1,7,4,task41
8,5,3,5,task42
1,7,8,4,task43
3,6,4,5,task44
8,6,7,1,task45
2,3,9,1,task46
3,2,8,5,task47
5,4,10,5,task48
1,3,4,4,task49
3,4,2,2,task50
9,3,10,4,task51
1,8,7,1,task52
5,9,6,2,task53
4,3,8,5,task54
10,1,5,4,task55
9,4,9,5,task56
7,4,9,2,task57
7,7,7,1,task58
2,2,7,5,task59
9,4,6,4,task60
9,1,1,3,task61
1,3,8,3,task62
1,5,10,1,task63
2,2,9,3,task64
3,5,5,1,task65
7,3,10,2,task66
9,6,6,3,task67
4,3,3,5,task68
9,9,4,4,task69
2,8,3,4,task70
8,9,5,2,task71
1,10,6,1,task72
9,6,1,5,task73
1,2,7,1,task74
8,5,3,5,task75
2,3,1,3,task76
2,1,9,3,task77
2,1,10,5,task78
10,1,6,2,task79
8,5,6,3,task80
7,1,2,5,task81
9,3,8,5,task82
5,10,1,5,task83
1,7,10,1,task84
1,2,10,2,task85
1,2,5,3,task86
3,8,2,4,task87
3,1,4,2,task88
10,7,8,2,task89
10,1,10,2,task90
9,5,5,2,task91
1,7,7,5,task92
1,10,7,2,task93
8,7,2,4,task94
9,8,2,1,task95
7,7,3,5,task96
3,3,3,5,task97
5,4,7,2,task98
4,3,6,3,task99
4,10,10,4,task100
59,5,3,3,task101
53,4,9,4,task102
58,4,9,4,task103
58,8,3,3,task104
58,8,9,5,task105
59,8,4,2,task106
55,7,6,3,task107
54,7,3,5,task108
54,7,9,1,task109
57,6,3,3,task110
57,9,10,5,task111
52,9,9,4,task112
53,1,1,4,task113
59,1,3,3,task114
60,4,7,2,task115
54,9,5,4,task116
59,8,6,3,task117
60,7,9,5,task118
60,8,1,2,task119
54,5,2,3,task120
58,4,6,5,task121
53,6,6,4,task122
57,5,9,4,task123
51,4,1,4,task124
54,2,9,2,task125
52,5,1,5,task126
52,8,6,5,task127
59,8,6,5,task128
52,5,1,4,task129
53,6,4,4,task130
52,9,6,5,task131
56,9,1,3,task132
60,8,3,3,task133
60,7,3,2,task134
55,9,5,1,task135
52,1,9,2,task136
59,2,3,5,task137
55,6,9,3,task138
58,5,1,3,task139
59,10,1,4,task140
52,5,3,1,task141
55,3,2,3,task142
52,10,1,2,task143
58,5,10,1,task144
53,4,10,1,task145
57,1,1,1,task146
55,9,4,5,task147
58,6,1,3,task148
60,8,3,5,task149
54,8,1,1,task150
55,5,5,2,task151
57,2,8,2,task152
52,1,2,5,task153
55,1,2,4,task154
60,5,6,5,task155
56,8,6,1,task156
58,9,7,1,task157
55,7,10,1,task158
57,2,6,2,task159
51,4,2,1,task160
54,9,1,3,task161
54,10,5,1,task162
51,5,6,2,task163
55,1,6,1,task164
56,4,6,1,task165
58,1,5,1,task166
54,7,10,1,task167
55,5,8,4,task168
53,9,5,4,task169
60,6,6,4,task170
57,3,4,1,task171
58,9,2,2,task172
55,7,6,5,task173
51,7,6,5,task174
56,4,10,5,task175
54,6,1,4,task176
60,8,5,5,task177
56,7,7,2,task178
54,7,1,5,task179
58,3,1,5,task180
59,6,1,4,task181
60,1,3,4,task182
52,5,2,3,task183
53,8,3,5,task184
54,3,1,3,task185
59,3,8,2,task186
56,5,8,2,task187
54,7,6,2,task188
57,9,1,2,task189
57,2,9,1,task190
53,7,2,5,task191
60,6,8,3,task192
59,2,5,1,task193
57,6,1,1,task194
52,7,8,2,task195
60,5,6,4,task196
55,6,3,2,task197
56,9,5,1,task198
57,2,10,1,task199
59,8,4,5,task200
3,53,1,5,task201
3,52,3,3,task202
6,52,4,2,task203
10,58,8,1,task204
2,56,3,5,task205
10,53,4,3,task206
3,55,9,3,task207
3,58,7,1,task208
8,57,4,5,task209
10,59,5,1,task210
2,60,5,4,task211
4,53,3,4,task212
5,59,7,1,task213
8,58,8,5,task214
3,59,3,5,task215
3,52,2,3,task216
7,58,7,2,task217
6,51,10,5,task218
5,52,5,4,task219
4,60,6,3,task220
7,52,5,3,task221
1,54,6,3,task222
10,52,4,3,task223
4,59,7,2,task224
7,54,10,2,task225
9,51,8,4,task226
8,53,5,2,task227
4,55,8,2,task228
1,54,2,2,task229
4,53,4,5,task230
8,53,10,3,task231
4,57,9,3,task232
8,60,10,1,task233
3,57,5,2,task234
4,55,10,3,task235
5,56,8,1,task236
9,60,2,4,task237
4,58,8,1,task238
7,56,5,3,task239
10,51,6,1,task240
2,57,1,3,task241
5,54,1,4,task242
8,54,3,3,task243
10,52,8,3,task244
6,57,10,3,task245
5,55,3,4,task246
4,56,2,5,task247
7,57,10,3,task248
10,52,9,4,task249
3,55,8,4,task250
10,55,5,2,task251
5,58,6,1,task252
5,56,6,1,task253
9,52,10,2,task254
9,60,2,5,task255
5,51,8,2,task256
7,60,8,5,task257
7,53,2,4,task258
9,54,10,1,task259
5,55,9,4,task260
8,56,5,2,task261
6,58,8,5,task262
4,59,1,2,task263
3,57,6,3,task264
7,57,5,5,task265
7,51,2,2,task266
8,54,4,4,task267
9,53,8,5,task268
4,57,4,5,task269
9,59,5,3,task270
3,58,7,4,task271
1,60,8,2,task272
3,56,3,4,task273
1,53,6,3,task274
5,60,2,2,task275
5,56,9,4,task276
1,51,8,1,task277
5,57,9,5,task278
1,57,7,5,task279
1,54,8,2,task280
4,54,2,5,task281
4,57,1,2,task282
3,55,4,1,task283
10,52,10,2,task284
7,53,1,2,task285
8,60,3,2,task286
4,58,4,4,task287
6,54,2,1,task288
8,55,5,4,task289
8,53,10,5,task290
2,59,9,4,task291
5,60,10,4,task292
9,53,6,5,task293
2,52,8,5,task294
1,58,5,1,task295
1,54,9,5,task296
1,52,5,4,task297
7,54,5,3,task298
3,54,6,1,task299
2,57,7,2,task300
7,3,54,4,task301
4,8,51,5,task302
5,4,59,4,task303
7,6,58,1,task304
9,4,52,5,task305
5,2,59,3,task306
5,2,60,3,task307
5,7,59,1,task308
1,9,53,4,task309
10,2,57,2,task310
4,2,58,2,task311
5,8,57,4,task312
7,5,59,1,task313
3,6,60,2,task314
9,4,55,1,task315
3,4,57,4,task316
4,7,52,5,task317
10,5,54,5,task318
1,10,58,1,task319
7,1,60,4,task320
7,5,51,2,task321
5,4,58,5,task322
6,9,58,5,task323
6,8,59,3,task324
2,9,58,3,task325
8,5,59,4,task326
8,8,53,1,task327
6,4,51,4,task328
6,8,53,5,task329
7,2,55,3,task330
9,8,57,1,task331
2,7,56,4,task332
4,2,53,5,task333
7,5,51,1,task334
4,5,57,3,task335
3,4,51,2,task336
6,8,57,2,task337
9,10,58,2,task338
1,9,54,4,task339
9,4,57,2,task340
6,9,57,4,task341
3,5,52,2,task342
1,3,53,4,task343
5,4,51,1,task344
6,2,60,4,task345
8,8,52,5,task346
3,6,59,4,task347
7,3,58,1,task348
9,6,58,2,task349
1,5,58,2,task350
4,6,54,3,task351
2,3,57,5,task352
8,5,55,3,task353
1,8,54,1,task354
7,1,57,1,task355
9,5,56,3,task356
6,7,57,3,task357
3,10,60,5,task358
6,5,58,1,task359
5,4,51,3,task360
2,8,52,3,task361
4,2,51,2,task362
4,5,54,5,task363
7,4,60,1,task364
5,7,57,4,task365
3,7,51,2,task366
2,10,60,1,task367
10,9,51,4,task368
7,9,54,2,task369
6,4,60,2,task370
5,10,52,4,task371
8,10,56,4,task372
7,3,56,5,task373
8,8,53,5,task374
9,2,53,3,task375
7,3,58,1,task376
8,4,59,1,task377
10,10,52,2,task378
3,6,53,5,task379
8,4,55,1,task380
8,2,58,1,task381
1,6,53,5,task382
6,7,60,2,task383
5,1,60,4,task384
1,7,51,4,task385
2,10,53,1,task386
4,3,51,5,task387
10,1,51,1,task388
8,1,60,3,task389
3,2,53,4,task390
6,4,54,1,task391
10,4,53,5,task392
1,7,60,3,task393
5,7,59,3,task394
7,7,51,2,task395
2,10,60,5,task396
1,7,55,1,task397
9,5,59,2,task398
2,8,56,4,task399
4,9,60,4,task400
52,58,59,14,task401
57,54,56,12,task402
55,52,54,11,task403
54,54,52,15,task404
57,59,54,12,task405
53,56,60,12,task406
53,60,60,12,task407
52,60,51,12,task408
57,59,57,14,task409
53,56,52,11,task410
58,56,53,13,task411
51,58,58,12,task412
60,53,53,12,task413
54,58,53,13,task414
54,58,60,14,task415
59,54,55,13,task416
51,58,59,14,task417
55,57,53,11,task418
60,59,56,12,task419
51,55,56,12,task420
59,56,56,15,task421
54,53,57,15,task422
58,58,53,11,task423
56,53,58,12,task424
54,55,54,14,task425
51,53,55,12,task426
55,55,57,12,task427
53,58,55,12,task428
55,59,58,14,task429
60,55,57,11,task430
53,56,60,12,task431
55,51,52,13,task432
60,52,56,11,task433
57,53,56,14,task434
59,52,58,11,task435
53,51,52,15,task436
56,60,51,15,task437
60,53,58,13,task438
59,57,52,11,task439
60,51,53,11,task440
56,55,57,11,task441
52,56,51,11,task442
54,58,51,14,task443
51,58,53,12,task444
52,57,51,14,task445
51,51,54,12,task446
59,59,52,11,task447
60,54,56,14,task448
59,60,57,14,task449
53,59,54,11,task450
58,56,53,14,task451
60,59,59,13,task452
51,58,59,13,task453
56,52,57,11,task454
53,58,53,15,task455
59,52,52,12,task456
55,58,54,12,task457
53,54,58,12,task458
55,60,59,14,task459
53,52,53,11,task460
56,58,59,11,task461
56,54,59,14,task462
51,60,57,11,task463
52,52,57,15,task464
59,53,54,15,task465
56,60,52,15,task466
60,56,53,12,task467
52,54,51,12,task468
60,60,59,14,task469
55,54,52,13,task470
51,58,56,15,task471
58,58,53,13,task472
59,52,56,14,task473
54,59,52,15,task474
55,54,56,13,task475
60,53,53,15,task476
53,57,56,12,task477
59,53,60,14,task478
56,60,51,11,task479
56,56,59,12,task480
55,55,60,14,task481
55,52,54,13,task482
52,56,60,14,task483
51,51,54,12,task484
51,59,54,14,task485
51,51,57,12,task486
52,56,53,13,task487
60,57,55,14,task488
53,60,55,11,task489
55,52,58,13,task490
52,57,51,13,task491
60,59,60,13,task492
60,60,51,11,task493
54,59,60,12,task494
55,59,52,15,task495
57,59,51,11,task496
56,55,56,12,task497
59,57,59,12,task498
53,53,54,11,task499
58,59,58,11,task500
